"","t.id","p.id","group.id","H1","H2","Creat1","Creat2","Sf1","Sf2","Age","HSelf","Hum.raw","Creat.raw","Safety.raw"
"1","210:1","210:1",210,NA,NA,NA,NA,NA,NA,34,9.33333333333333,NA,NA,NA
"2","210:1","210:2",210,6.5,8,8,8,2,6,44,8.33333333333333,7,8,4
"3","210:1","210:3",210,4.5,7,10,10,1,1,45,8,5.33333333333333,10,1
"4","210:1","210:4",210,7,6,10,10,3,7,57,10,6.66666666666667,10,5
"5","210:2","210:1",210,7,6,2,2,2,4,34,9.33333333333333,6.66666666666667,2,3
"6","210:2","210:2",210,NA,NA,NA,NA,NA,NA,44,8.33333333333333,NA,NA,NA
"7","210:2","210:3",210,2.5,0,0,0,0,0,45,8,1.66666666666667,0,0
"8","210:2","210:4",210,8,6,7,7,3,7,57,10,7.33333333333333,7,5
"9","210:3","210:1",210,9.5,10,2,2,10,10,34,9.33333333333333,9.66666666666667,2,10
"10","210:3","210:2",210,0.5,7,5,5,7,8,44,8.33333333333333,2.66666666666667,5,7.5
"11","210:3","210:3",210,NA,NA,NA,NA,NA,NA,45,8,NA,NA,NA
"12","210:3","210:4",210,6,7,5,5,5,7,57,10,6.33333333333333,5,6
"13","210:4","210:1",210,7.5,10,0,0,10,10,34,9.33333333333333,8.33333333333333,0,10
"14","210:4","210:2",210,7,7,5.5,5,9,9,44,8.33333333333333,7,5.33333333333333,9
"15","210:4","210:3",210,6,6,1.5,1,10,10,45,8,6,1.33333333333333,10
"16","210:4","210:4",210,NA,NA,NA,NA,NA,NA,57,10,NA,NA,NA
"17","230:1","230:1",230,NA,NA,NA,NA,NA,NA,40,8.66666666666667,NA,NA,NA
"18","230:1","230:2",230,8,10,10,10,10,10,65,8,8.66666666666667,10,10
"19","230:1","230:3",230,4.5,9,8,8,3,3,64,10,6,8,3
"20","230:1","230:4",230,9,8,7,7,10,10,NA,7,8.66666666666667,7,10
"21","230:1","230:5",230,8.5,10,10,10,0,0,NA,9.66666666666667,9,10,0
"22","230:2","230:1",230,4.5,6,6,6,8,9,40,8.66666666666667,5,6,8.5
"23","230:2","230:2",230,NA,NA,NA,NA,NA,NA,65,8,NA,NA,NA
"24","230:2","230:3",230,1,1,2.5,2,3,3,64,10,1,2.33333333333333,3
"25","230:2","230:4",230,10,8,7.21631205673759,7.24113475177305,9,10,NA,7,9.33333333333333,7.22458628841608,9.5
"26","230:2","230:5",230,1,2,1,1,1,1,NA,9.66666666666667,1.33333333333333,1,1
"27","230:3","230:1",230,10,2,2,2,8,9,40,8.66666666666667,7.33333333333333,2,8.5
"28","230:3","230:2",230,7,7,3,3,6,6,65,8,7,3,6
"29","230:3","230:3",230,NA,NA,NA,NA,NA,NA,64,10,NA,NA,NA
"30","230:3","230:4",230,10,7.85545023696682,4,4,10,10,NA,7,9.28515007898894,4,10
"31","230:3","230:5",230,8.5,8,3,3,2,3,NA,9.66666666666667,8.33333333333333,3,2.5
"32","230:4","230:1",230,2,5,7,7,6,6,40,8.66666666666667,3,7,6
"33","230:4","230:2",230,10,10,10,10,10,10,65,8,10,10,10
"34","230:4","230:3",230,2.5,3,9,9,8,8,64,10,2.66666666666667,9,8
"35","230:4","230:5",230,8,9,9,9,3,3,NA,9.66666666666667,8.33333333333333,9,3
"36","230:5","230:1",230,9,9,6,6,9,10,40,8.66666666666667,9,6,9.5
"37","230:5","230:2",230,0,0,0,0,0,0,65,8,0,0,0
"38","230:5","230:3",230,7,5,2,1,9,9,64,10,6.33333333333333,1.66666666666667,9
"39","230:5","230:4",230,10,7.85545023696682,4,4,9,9,NA,7,9.28515007898894,4,9
"40","230:5","230:5",230,NA,NA,NA,NA,NA,NA,NA,9.66666666666667,NA,NA,NA
"41","260:1","260:1",260,NA,NA,NA,NA,NA,NA,48,10,NA,NA,NA
"42","260:1","260:2",260,7,8,8,8,8,7,40,8,7.33333333333333,8,7.5
"43","260:1","260:3",260,10,10,10,10,10,10,39,9,10,10,10
"44","260:1","260:4",260,10,10,10,10,10,10,24,10,10,10,10
"45","260:2","260:1",260,6.5,5,3,3,2,2,48,10,6,3,2
"46","260:2","260:2",260,NA,NA,NA,NA,NA,NA,40,8,NA,NA,NA
"47","260:2","260:3",260,10,10,7.5,8,10,10,39,9,10,7.66666666666667,10
"48","260:2","260:4",260,9,9,5.5,5,10,8,24,10,9,5.33333333333333,9
"49","260:3","260:1",260,10,10,7.5,6,9,9,48,10,10,7,9
"50","260:3","260:2",260,8,8,8,8,8,8,40,8,8,8,8
"51","260:3","260:3",260,NA,NA,NA,NA,NA,NA,39,9,NA,NA,NA
"52","260:3","260:4",260,10,9,7.5,6,9,9,24,10,9.66666666666667,7,9
"53","260:4","260:1",260,10,10,10,10,10,10,48,10,10,10,10
"54","260:4","260:2",260,8,8,8.5,8,8,8,40,8,8,8.33333333333333,8
"55","260:4","260:3",260,10,10,7.5,7,10,10,39,9,10,7.33333333333333,10
"56","260:4","260:4",260,NA,NA,NA,NA,NA,NA,24,10,NA,NA,NA
"57","280:1","280:1",280,NA,NA,NA,NA,NA,NA,30,8.66666666666667,NA,NA,NA
"58","280:1","280:2",280,6.5,4,4.5,3,9,9,47,9.33333333333333,5.66666666666667,4,9
"59","280:1","280:3",280,8.5,9,7,7,9,9,43,8.33333333333333,8.66666666666667,7,9
"60","280:1","280:4",280,8.5,10,5,6,8,10,44,8.66666666666667,9,5.33333333333333,9
"61","280:2","280:1",280,2.5,3,9,9,7,7,30,8.66666666666667,2.66666666666667,9,7
"62","280:2","280:2",280,NA,NA,NA,NA,NA,NA,47,9.33333333333333,NA,NA,NA
"63","280:2","280:3",280,8.5,8,9,8,10,10,43,8.33333333333333,8.33333333333333,8.66666666666667,10
"64","280:2","280:4",280,7.5,9,9,10,10,9,44,8.66666666666667,8,9.33333333333333,9.5
"65","280:3","280:1",280,6.5,8,9,9,9,9,30,8.66666666666667,7,9,9
"66","280:3","280:2",280,9,9,9,9,9,8,47,9.33333333333333,9,9,8.5
"67","280:3","280:3",280,NA,NA,NA,NA,NA,NA,43,8.33333333333333,NA,NA,NA
"68","280:3","280:4",280,7,9,9.5,9,10,9,44,8.66666666666667,7.66666666666667,9.33333333333333,9.5
"69","280:4","280:1",280,9,8,9,9,9,9,30,8.66666666666667,8.66666666666667,9,9
"70","280:4","280:2",280,9,9,5,5,9,9,47,9.33333333333333,9,5,9
"71","280:4","280:3",280,8.5,7,8,10,10,10,43,8.33333333333333,8,8.66666666666667,10
"72","280:4","280:4",280,NA,NA,NA,NA,NA,NA,44,8.66666666666667,NA,NA,NA
"73","291:1","291:1",291,NA,NA,NA,NA,NA,NA,36,9.33333333333333,NA,NA,NA
"74","291:1","291:2",291,7.5,7,5.5,5,10,10,33,8,7.33333333333333,5.33333333333333,10
"75","291:1","291:3",291,7,4,6,8,6,5,33,7,6,6.66666666666667,5.5
"76","291:1","291:4",291,5.5,9,6,5,5,9,33,9.33333333333333,6.66666666666667,5.66666666666667,7
"77","291:2","291:1",291,9,9,8,8,9,9,36,9.33333333333333,9,8,9
"78","291:2","291:2",291,NA,NA,NA,NA,NA,NA,33,8,NA,NA,NA
"79","291:2","291:3",291,6,8,7.5,8,8,8,33,7,6.66666666666667,7.66666666666667,8
"80","291:2","291:4",291,6.5,5,8,8,10,10,33,9.33333333333333,6,8,10
"81","291:3","291:1",291,8,8,7,7,10,9,36,9.33333333333333,8,7,9.5
"82","291:3","291:2",291,5,7,0,6,10,10,33,8,5.66666666666667,2,10
"83","291:3","291:3",291,NA,NA,NA,NA,NA,NA,33,7,NA,NA,NA
"84","291:3","291:4",291,4,4,4,4,10,10,33,9.33333333333333,4,4,10
"85","291:4","291:1",291,8.5,9,8,8,9,9,36,9.33333333333333,8.66666666666667,8,9
"86","291:4","291:2",291,7.5,9,7.5,7,10,10,33,8,8,7.33333333333333,10
"87","291:4","291:3",291,7.5,6,7.5,8,10,9,33,7,7,7.66666666666667,9.5
"88","291:4","291:4",291,NA,NA,NA,NA,NA,NA,33,9.33333333333333,NA,NA,NA
"89","292:1","292:1",292,NA,NA,NA,NA,NA,NA,30,9,NA,NA,NA
"90","292:1","292:2",292,5,6,6.5,8,8,9,29,9,5.33333333333333,7,8.5
"91","292:1","292:3",292,4,7,5.5,7,7,6,31,6,5,6,6.5
"92","292:1","292:4",292,7.5,8,8.5,9,8,9,25,8,7.66666666666667,8.66666666666667,8.5
"93","292:2","292:1",292,10,10,9.5,9,10,10,30,9,10,9.33333333333333,10
"94","292:2","292:2",292,NA,NA,NA,NA,NA,NA,29,9,NA,NA,NA
"95","292:2","292:3",292,9,6,4.5,4,8,8,31,6,8,4.33333333333333,8
"96","292:2","292:4",292,9,10,8,7,6,8,25,8,9.33333333333333,7.66666666666667,7
"97","292:3","292:1",292,2.5,3,5,5,10,10,30,9,2.66666666666667,5,10
"98","292:3","292:2",292,1.5,2,1,1,7,7,29,9,1.66666666666667,1,7
"99","292:3","292:3",292,NA,NA,NA,NA,NA,NA,31,6,NA,NA,NA
"100","292:3","292:4",292,6,6,5,6,5,6,25,8,6,5.33333333333333,5.5
"101","292:4","292:1",292,10,10,10,9,10,10,30,9,10,9.66666666666667,10
"102","292:4","292:2",292,3,6,6.5,3,6,8,29,9,4,5.33333333333333,7
"103","292:4","292:3",292,9.5,7,6.5,7,8,8,31,6,8.66666666666667,6.66666666666667,8
"104","292:4","292:4",292,NA,NA,NA,NA,NA,NA,25,8,NA,NA,NA
"105","304:1","304:1",304,NA,NA,NA,NA,NA,NA,42,10,NA,NA,NA
"106","304:1","304:2",304,10,10,8,8,10,10,56,10,10,8,10
"107","304:1","304:3",304,10,10,9,9,10,10,33,8.66666666666667,10,9,10
"108","304:1","304:4",304,10,10,10,10,10,10,NA,9.66666666666667,10,10,10
"109","304:2","304:1",304,10,10,7.5,8,10,10,42,10,10,7.66666666666667,10
"110","304:2","304:2",304,NA,NA,NA,NA,NA,NA,56,10,NA,NA,NA
"111","304:2","304:3",304,9.5,9,6.5,6,10,10,33,8.66666666666667,9.33333333333333,6.33333333333333,10
"112","304:2","304:4",304,10,10,10,10,10,10,NA,9.66666666666667,10,10,10
"113","304:3","304:1",304,10,10,7,7,10,10,42,10,10,7,10
"114","304:3","304:2",304,10,10,6.5,7,10,10,56,10,10,6.66666666666667,10
"115","304:3","304:3",304,NA,NA,NA,NA,NA,NA,33,8.66666666666667,NA,NA,NA
"116","304:3","304:4",304,9.5,10,10,10,10,10,NA,9.66666666666667,9.66666666666667,10,10
"117","304:4","304:1",304,10,10,8.5,9,10,10,42,10,10,8.66666666666667,10
"118","304:4","304:2",304,10,10,7,7,10,10,56,10,10,7,10
"119","304:4","304:3",304,9,9,6,6,10,10,33,8.66666666666667,9,6,10
"120","304:4","304:4",304,NA,NA,NA,NA,NA,NA,NA,9.66666666666667,NA,NA,NA
"121","305:1","305:1",305,NA,NA,NA,NA,NA,NA,39,8.33333333333333,NA,NA,NA
"122","305:1","305:2",305,10,10,7.5,8,9,10,31,8.33333333333333,10,7.66666666666667,9.5
"123","305:1","305:3",305,9.5,10,8,8,9,8,33,9,9.66666666666667,8,8.5
"124","305:1","305:4",305,10,10,7,7,10,10,42,10,10,7,10
"125","305:2","305:1",305,9.5,9,8,8,10,10,39,8.33333333333333,9.33333333333333,8,10
"126","305:2","305:2",305,NA,NA,NA,NA,NA,NA,31,8.33333333333333,NA,NA,NA
"127","305:2","305:3",305,8.5,9,10,10,9,9,33,9,8.66666666666667,10,9
"128","305:2","305:4",305,10,10,9,10,10,10,42,10,10,9.33333333333333,10
"129","305:3","305:1",305,9.5,10,8.5,8,10,10,39,8.33333333333333,9.66666666666667,8.33333333333333,10
"130","305:3","305:2",305,8.5,10,8,8,9,9,31,8.33333333333333,9,8,9
"131","305:3","305:3",305,NA,NA,NA,NA,NA,NA,33,9,NA,NA,NA
"132","305:3","305:4",305,10,10,7.5,8,10,10,42,10,10,7.66666666666667,10
"133","305:4","305:1",305,9.5,10,9.5,9,10,9,39,8.33333333333333,9.66666666666667,9.33333333333333,9.5
"134","305:4","305:2",305,9,10,9,10,8,9,31,8.33333333333333,9.33333333333333,9.33333333333333,8.5
"135","305:4","305:3",305,9,10,10,10,8,9,33,9,9.33333333333333,10,8.5
"136","305:4","305:4",305,NA,NA,NA,NA,NA,NA,42,10,NA,NA,NA
"137","334:1","334:1",334,NA,NA,NA,NA,NA,NA,44,7.33333333333333,NA,NA,NA
"138","334:1","334:2",334,9.5,10,7.5,8,10,10,31,9,9.66666666666667,7.66666666666667,10
"139","334:1","334:3",334,5.5,5,2,2,5,5,30,5.66666666666667,5.33333333333333,2,5
"140","334:1","334:4",334,8.5,6,7,7,10,10,39,7,7.66666666666667,7,10
"141","334:2","334:1",334,5.5,8,8,7,8,5,44,7.33333333333333,6.33333333333333,7.66666666666667,6.5
"142","334:2","334:2",334,NA,NA,NA,NA,NA,NA,31,9,NA,NA,NA
"143","334:2","334:3",334,7,7,7,7,5,5,30,5.66666666666667,7,7,5
"144","334:2","334:4",334,6.5,7,6,6,7,7,39,7,6.66666666666667,6,7
"145","334:3","334:1",334,5,5,8,7,2,2,44,7.33333333333333,5,7.66666666666667,2
"146","334:3","334:2",334,4.5,6,10,10,8,8,31,9,5,10,8
"147","334:3","334:3",334,NA,NA,NA,NA,NA,NA,30,5.66666666666667,NA,NA,NA
"148","334:3","334:4",334,6,4,3,3,7,7,39,7,5.33333333333333,3,7
"149","334:4","334:1",334,8.5,9,10,10,8,8,44,7.33333333333333,8.66666666666667,10,8
"150","334:4","334:2",334,10,10,10,10,7,10,31,9,10,10,8.5
"151","334:4","334:3",334,6,6,6,6,5,5,30,5.66666666666667,6,6,5
"152","334:4","334:4",334,NA,NA,NA,NA,NA,NA,39,7,NA,NA,NA
"153","389:1","389:1",389,NA,NA,NA,NA,NA,NA,31,7.33333333333333,NA,NA,NA
"154","389:1","389:2",389,7.5,8,7.5,8,7,8,41,8.66666666666667,7.66666666666667,7.66666666666667,7.5
"155","389:1","389:3",389,6.5,7,6.5,8,8,8,28,8.33333333333333,6.66666666666667,7,8
"156","389:1","389:4",389,5,5,5,5,8,8,55,8.33333333333333,5,5,8
"157","389:2","389:1",389,7.5,9,5,5,5,5,31,7.33333333333333,8,5,5
"158","389:2","389:2",389,NA,NA,NA,NA,NA,NA,41,8.66666666666667,NA,NA,NA
"159","389:2","389:3",389,6,7,6.5,7,6,6,28,8.33333333333333,6.33333333333333,6.66666666666667,6
"160","389:2","389:4",389,5,5,5,5,3,6,55,8.33333333333333,5,5,4.5
"161","389:3","389:1",389,9.5,10,5,5,5,5,31,7.33333333333333,9.66666666666667,5,5
"162","389:3","389:2",389,7.5,8,7,7,8,9,41,8.66666666666667,7.66666666666667,7,8.5
"163","389:3","389:3",389,NA,NA,NA,NA,NA,NA,28,8.33333333333333,NA,NA,NA
"164","389:3","389:4",389,6.5,5,5,5,3,7,55,8.33333333333333,6,5,5
"165","389:4","389:1",389,8.5,10,6,7,5,5,31,7.33333333333333,9,6.33333333333333,5
"166","389:4","389:2",389,8,9,8,8,7,9,41,8.66666666666667,8.33333333333333,8,8
"167","389:4","389:3",389,7.5,9,7,8,8,8,28,8.33333333333333,8,7.33333333333333,8
"168","389:4","389:4",389,NA,NA,NA,NA,NA,NA,55,8.33333333333333,NA,NA,NA
"169","407:1","407:1",407,NA,NA,NA,NA,NA,NA,49,6,NA,NA,NA
"170","407:1","407:2",407,10,10,7.5,5,5,8,48,7,10,6.66666666666667,6.5
"171","407:1","407:3",407,8,10,9.5,10,9,9,41,7.66666666666667,8.66666666666667,9.66666666666667,9
"172","407:1","407:4",407,7,9,6.5,5,7,8,52,8.66666666666667,7.66666666666667,6,7.5
"173","407:1","407:5",407,8,9,7,7,6,8,53,8.33333333333333,8.33333333333333,7,7
"174","407:2","407:1",407,7.5,5,4,4,6,6,49,6,6.66666666666667,4,6
"175","407:2","407:2",407,NA,NA,NA,NA,NA,NA,48,7,NA,NA,NA
"176","407:2","407:3",407,7,6,4,4,10,10,41,7.66666666666667,6.66666666666667,4,10
"177","407:2","407:4",407,7.5,7,5,4,6,8,52,8.66666666666667,7.33333333333333,4.66666666666667,7
"178","407:2","407:5",407,6,5,4,4,8,8,53,8.33333333333333,5.66666666666667,4,8
"179","407:3","407:1",407,6.5,8,6.5,7,9,9,49,6,7,6.66666666666667,9
"180","407:3","407:2",407,10,10,9,10,7,8,48,7,10,9.33333333333333,7.5
"181","407:3","407:3",407,NA,NA,NA,NA,NA,NA,41,7.66666666666667,NA,NA,NA
"182","407:3","407:4",407,7,8,8.5,9,8,8,52,8.66666666666667,7.33333333333333,8.66666666666667,8
"183","407:3","407:5",407,1,3,5.5,7,3,1,53,8.33333333333333,1.66666666666667,6,2
"184","407:4","407:1",407,7.5,6,5,5,8,8,49,6,7,5,8
"185","407:4","407:2",407,10,10,9.5,10,4,6,48,7,10,9.66666666666667,5
"186","407:4","407:3",407,4,4,6.5,7,10,10,41,7.66666666666667,4,6.66666666666667,10
"187","407:4","407:4",407,NA,NA,NA,NA,NA,NA,52,8.66666666666667,NA,NA,NA
"188","407:4","407:5",407,8,8,7,7,8,8,53,8.33333333333333,8,7,8
"189","407:5","407:1",407,5,8,2.5,3,7,7,49,6,6,2.66666666666667,7
"190","407:5","407:2",407,4,7,4.5,3,6,2,48,7,5,4,4
"191","407:5","407:3",407,5,9,4,2,1,1,41,7.66666666666667,6.33333333333333,3.33333333333333,1
"192","407:5","407:4",407,7.5,9,8,7,7,8,52,8.66666666666667,8,7.66666666666667,7.5
"193","407:5","407:5",407,NA,NA,NA,NA,NA,NA,53,8.33333333333333,NA,NA,NA
"194","507:1","507:1",507,NA,NA,NA,NA,NA,NA,43,9.33333333333333,NA,NA,NA
"195","507:1","507:2",507,8.5,9,8,9,8,10,49,8.33333333333333,8.66666666666667,8.33333333333333,9
"196","507:1","507:3",507,5.5,6,7.5,7,8,8,56,7.66666666666667,5.66666666666667,7.33333333333333,8
"197","507:1","507:4",507,7,7,7,7,8,8,42,6,7,7,8
"198","507:2","507:1",507,9,8,8.5,8,10,10,43,9.33333333333333,8.66666666666667,8.33333333333333,10
"199","507:2","507:2",507,NA,NA,NA,NA,NA,NA,49,8.33333333333333,NA,NA,NA
"200","507:2","507:3",507,8,8,5,5,8,8,56,7.66666666666667,8,5,8
"201","507:2","507:4",507,7.5,7,6.5,5,10,10,42,6,7.33333333333333,6,10
"202","507:3","507:1",507,8.5,10,10,10,10,10,43,9.33333333333333,9,10,10
"203","507:3","507:2",507,6,7,7.5,7,9,8,49,8.33333333333333,6.33333333333333,7.33333333333333,8.5
"204","507:3","507:3",507,NA,NA,NA,NA,NA,NA,56,7.66666666666667,NA,NA,NA
"205","507:3","507:4",507,2.5,3,6,7,7,7,42,6,2.66666666666667,6.33333333333333,7
"206","507:4","507:1",507,10,9,8.5,9,10,10,43,9.33333333333333,9.66666666666667,8.66666666666667,10
"207","507:4","507:2",507,7,9,9,9,9,10,49,8.33333333333333,7.66666666666667,9,9.5
"208","507:4","507:3",507,4.5,5,7,7,6,6,56,7.66666666666667,4.66666666666667,7,6
"209","507:4","507:4",507,NA,NA,NA,NA,NA,NA,42,6,NA,NA,NA
"210","555:1","555:1",555,NA,NA,NA,NA,NA,NA,40,8.33333333333333,NA,NA,NA
"211","555:1","555:2",555,8.5,10,8.5,9,10,10,28,7.66666666666667,9,8.66666666666667,10
"212","555:1","555:3",555,9.5,10,10,10,6,8,40,8.66666666666667,9.66666666666667,10,7
"213","555:1","555:4",555,8.5,10,8,8,9,9,36,7.33333333333333,9,8,9
"214","555:2","555:1",555,8,10,9.5,8,9,8,40,8.33333333333333,8.66666666666667,9,8.5
"215","555:2","555:2",555,NA,NA,NA,NA,NA,NA,28,7.66666666666667,NA,NA,NA
"216","555:2","555:3",555,5,5,10,10,6,7,40,8.66666666666667,5,10,6.5
"217","555:2","555:4",555,8.5,10,10,10,10,10,36,7.33333333333333,9,10,10
"218","555:3","555:1",555,10,10,10,10,10,10,40,8.33333333333333,10,10,10
"219","555:3","555:2",555,7.5,9,9.5,10,8,9,28,7.66666666666667,8,9.66666666666667,8.5
"220","555:3","555:3",555,NA,NA,NA,NA,NA,NA,40,8.66666666666667,NA,NA,NA
"221","555:3","555:4",555,7,10,10,10,8,8,36,7.33333333333333,8,10,8
"222","555:4","555:1",555,10,10,10,10,10,8,40,8.33333333333333,10,10,9
"223","555:4","555:2",555,9,10,7.5,8,10,10,28,7.66666666666667,9.33333333333333,7.66666666666667,10
"224","555:4","555:3",555,8.5,8,10,10,7,7,40,8.66666666666667,8.33333333333333,10,7
"225","555:4","555:4",555,NA,NA,NA,NA,NA,NA,36,7.33333333333333,NA,NA,NA
"226","690:1","690:1",690,NA,NA,NA,NA,NA,NA,27,10,NA,NA,NA
"227","690:1","690:2",690,7.5,9,9.5,9,8,5,27,7,8,9.33333333333333,6.5
"228","690:1","690:3",690,7.5,10,9.5,8,2,9,20,7.66666666666667,8.33333333333333,9,5.5
"229","690:1","690:4",690,2,9,9,8,10,9,29,9,4.33333333333333,8.66666666666667,9.5
"230","690:2","690:1",690,7,9,10,10,10,9,27,10,7.66666666666667,10,9.5
"231","690:2","690:2",690,NA,NA,NA,NA,NA,NA,27,7,NA,NA,NA
"232","690:2","690:3",690,9,9,9.5,9,9,9,20,7.66666666666667,9,9.33333333333333,9
"233","690:2","690:4",690,9.5,5,3.5,5,10,10,29,9,8,4,10
"234","690:3","690:1",690,9,9,10,10,7,10,27,10,9,10,8.5
"235","690:3","690:2",690,10,10,6.5,10,6,6,27,7,10,7.66666666666667,6
"236","690:3","690:3",690,NA,NA,NA,NA,NA,NA,20,7.66666666666667,NA,NA,NA
"237","690:3","690:4",690,10,8,4.5,7,10,10,29,9,9.33333333333333,5.33333333333333,10
"238","690:4","690:1",690,5,10,10,10,10,10,27,10,6.66666666666667,10,10
"239","690:4","690:2",690,9,10,10,10,9,9,27,7,9.33333333333333,10,9
"240","690:4","690:3",690,8.5,10,9.5,10,9,10,20,7.66666666666667,9,9.66666666666667,9.5
"241","690:4","690:4",690,NA,NA,NA,NA,NA,NA,29,9,NA,NA,NA
"242","691:2","691:2",691,NA,NA,NA,NA,NA,NA,40,7.33333333333333,NA,NA,NA
"243","691:2","691:3",691,8,6,9,7,9,8,33,8.66666666666667,7.33333333333333,8.33333333333333,8.5
"244","691:2","691:4",691,3.5,5,8.5,10,7,4,35,8.66666666666667,4,9,5.5
"245","691:2","691:5",691,9,10,7.5,7,10,10,44,8.66666666666667,9.33333333333333,7.33333333333333,10
"246","691:2","691:6",691,8,6,5,6,10,10,38,7.66666666666667,7.33333333333333,5.33333333333333,10
"247","691:3","691:2",691,5.5,5,6.5,7,9,9,40,7.33333333333333,5.33333333333333,6.66666666666667,9
"248","691:3","691:3",691,NA,NA,NA,NA,NA,NA,33,8.66666666666667,NA,NA,NA
"249","691:3","691:4",691,7,7,7.5,7,7,8,35,8.66666666666667,7,7.33333333333333,7.5
"250","691:3","691:5",691,7,6,6,7,10,10,44,8.66666666666667,6.66666666666667,6.33333333333333,10
"251","691:3","691:6",691,4,6,5.5,4,10,10,38,7.66666666666667,4.66666666666667,5,10
"252","691:4","691:2",691,8,8,6.5,6,9,9,40,7.33333333333333,8,6.33333333333333,9
"253","691:4","691:3",691,8.5,9,5,7,9,8,33,8.66666666666667,8.66666666666667,5.66666666666667,8.5
"254","691:4","691:4",691,NA,NA,NA,NA,NA,NA,35,8.66666666666667,NA,NA,NA
"255","691:4","691:5",691,7.5,5,5.5,4,10,10,44,8.66666666666667,6.66666666666667,5,10
"256","691:4","691:6",691,8.5,9,10,10,5,7,38,7.66666666666667,8.66666666666667,10,6
"257","691:5","691:2",691,9,9,9,9,9,9,40,7.33333333333333,9,9,9
"258","691:5","691:3",691,8.5,9,6.5,8,9,8,33,8.66666666666667,8.66666666666667,7,8.5
"259","691:5","691:4",691,8.5,9,10,10,8,8,35,8.66666666666667,8.66666666666667,10,8
"260","691:5","691:5",691,NA,NA,NA,NA,NA,NA,44,8.66666666666667,NA,NA,NA
"261","691:5","691:6",691,7,9,9,6,7,6,38,7.66666666666667,7.66666666666667,8,6.5
"262","691:6","691:2",691,8.5,8,8.5,9,9,9,40,7.33333333333333,8.33333333333333,8.66666666666667,9
"263","691:6","691:3",691,7,6,7.5,9,8,9,33,8.66666666666667,6.66666666666667,8,8.5
"264","691:6","691:4",691,9,8,8.5,7,10,10,35,8.66666666666667,8.66666666666667,8,10
"265","691:6","691:5",691,9,10,7,8,10,10,44,8.66666666666667,9.33333333333333,7.33333333333333,10
"266","691:6","691:6",691,NA,NA,NA,NA,NA,NA,38,7.66666666666667,NA,NA,NA
"267","705:1","705:1",705,NA,NA,NA,NA,NA,NA,44,7.66666666666667,NA,NA,NA
"268","705:1","705:2",705,10,10,10,10,10,10,52,10,10,10,10
"269","705:1","705:3",705,8.5,9,6,6,8,8,45,8.33333333333333,8.66666666666667,6,8
"270","705:1","705:4",705,8.5,9,9,9,9,10,50,7.33333333333333,8.66666666666667,9,9.5
"271","705:2","705:1",705,8,8,8,7,9,9,44,7.66666666666667,8,7.66666666666667,9
"272","705:2","705:2",705,NA,NA,NA,NA,NA,NA,52,10,NA,NA,NA
"273","705:2","705:3",705,8.5,9,6,6,8,9,45,8.33333333333333,8.66666666666667,6,8.5
"274","705:2","705:4",705,10,10,10,10,10,10,50,7.33333333333333,10,10,10
"275","705:3","705:1",705,8,9,8.5,9,9,9,44,7.66666666666667,8.33333333333333,8.66666666666667,9
"276","705:3","705:2",705,10,10,10,10,10,10,52,10,10,10,10
"277","705:3","705:3",705,NA,NA,NA,NA,NA,NA,45,8.33333333333333,NA,NA,NA
"278","705:3","705:4",705,9,10,9.5,10,10,10,50,7.33333333333333,9.33333333333333,9.66666666666667,10
"279","705:4","705:1",705,9,9,8.5,9,9,9,44,7.66666666666667,9,8.66666666666667,9
"280","705:4","705:2",705,10,10,10,10,10,10,52,10,10,10,10
"281","705:4","705:3",705,9,10,8,8,9,9,45,8.33333333333333,9.33333333333333,8,9
"282","705:4","705:4",705,NA,NA,NA,NA,NA,NA,50,7.33333333333333,NA,NA,NA
"283","708:1","708:1",708,NA,NA,NA,NA,NA,NA,24,8.33333333333333,NA,NA,NA
"284","708:1","708:2",708,7.5,10,9,9,10,10,24,9.33333333333333,8.33333333333333,9,10
"285","708:1","708:3",708,9.5,10,6.5,3,10,10,26,7,9.66666666666667,5.33333333333333,10
"286","708:1","708:4",708,10,9,8.5,10,10,10,40,8.66666666666667,9.66666666666667,9,10
"287","708:2","708:1",708,8,8,5.5,7,7,7,24,8.33333333333333,8,6,7
"288","708:2","708:2",708,NA,NA,NA,NA,NA,NA,24,9.33333333333333,NA,NA,NA
"289","708:2","708:3",708,10,6,3,1,10,10,26,7,8.66666666666667,2.33333333333333,10
"290","708:2","708:4",708,10,5,6.5,8,8,9,40,8.66666666666667,8.33333333333333,7,8.5
"291","708:3","708:1",708,8,8,6.5,7,7,7,24,8.33333333333333,8,6.66666666666667,7
"292","708:3","708:2",708,10,10,7.5,7,10,9,24,9.33333333333333,10,7.33333333333333,9.5
"293","708:3","708:3",708,NA,NA,NA,NA,NA,NA,26,7,NA,NA,NA
"294","708:3","708:4",708,9,7,7.5,8,9,9,40,8.66666666666667,8.33333333333333,7.66666666666667,9
"295","708:4","708:1",708,8,8,8,8,7,7,24,8.33333333333333,8,8,7
"296","708:4","708:2",708,10,10,9.5,10,10,10,24,9.33333333333333,10,9.66666666666667,10
"297","708:4","708:3",708,10,10,9,8,10,10,26,7,10,8.66666666666667,10
"298","708:4","708:4",708,NA,NA,NA,NA,NA,NA,40,8.66666666666667,NA,NA,NA
"299","709:1","709:1",709,NA,NA,NA,NA,NA,NA,36,8.66666666666667,NA,NA,NA
"300","709:1","709:2",709,9,10,9.5,10,9,9,30,9.33333333333333,9.33333333333333,9.66666666666667,9
"301","709:1","709:3",709,4.5,7,5.5,5,4,4,40,7,5.33333333333333,5.33333333333333,4
"302","709:1","709:4",709,9,10,9,9,10,10,29,8.33333333333333,9.33333333333333,9,10
"303","709:2","709:1",709,7,7,10,10,10,10,36,8.66666666666667,7,10,10
"304","709:2","709:2",709,NA,NA,NA,NA,NA,NA,30,9.33333333333333,NA,NA,NA
"305","709:2","709:3",709,3.5,6,6.5,6,6,7,40,7,4.33333333333333,6.33333333333333,6.5
"306","709:2","709:4",709,6,6,7.5,7,2,2,29,8.33333333333333,6,7.33333333333333,2
"307","709:3","709:1",709,9,9,10,9,10,6,36,8.66666666666667,9,9.66666666666667,8
"308","709:3","709:2",709,8.5,10,6.5,7,7,8,30,9.33333333333333,9,6.66666666666667,7.5
"309","709:3","709:3",709,NA,NA,NA,NA,NA,NA,40,7,NA,NA,NA
"310","709:3","709:4",709,9,8,6.5,6,8,8,29,8.33333333333333,8.66666666666667,6.33333333333333,8
"311","709:4","709:1",709,10,10,8.5,10,10,10,36,8.66666666666667,10,9,10
"312","709:4","709:2",709,8,8,5,4,5,5,30,9.33333333333333,8,4.66666666666667,5
"313","709:4","709:3",709,8.5,8,3,3,10,10,40,7,8.33333333333333,3,10
"314","709:4","709:4",709,NA,NA,NA,NA,NA,NA,29,8.33333333333333,NA,NA,NA
"315","713:1","713:1",713,NA,NA,NA,NA,NA,NA,45,7.33333333333333,NA,NA,NA
"316","713:1","713:2",713,6.5,6,6.5,7,9,9,41,7.33333333333333,6.33333333333333,6.66666666666667,9
"317","713:1","713:3",713,8,9,10,10,9,9,35,8.33333333333333,8.33333333333333,10,9
"318","713:1","713:4",713,8.5,8,9,8,8,10,63,8.33333333333333,8.33333333333333,8.66666666666667,9
"319","713:2","713:1",713,6.5,7,7.5,6,8,9,45,7.33333333333333,6.66666666666667,7,8.5
"320","713:2","713:2",713,NA,NA,NA,NA,NA,NA,41,7.33333333333333,NA,NA,NA
"321","713:2","713:3",713,8,9,9.5,10,10,10,35,8.33333333333333,8.33333333333333,9.66666666666667,10
"322","713:2","713:4",713,8,8,8,8,8,10,63,8.33333333333333,8,8,9
"323","713:3","713:1",713,9,9,7,7,5,8,45,7.33333333333333,9,7,6.5
"324","713:3","713:2",713,7,7,6.5,7,9,9,41,7.33333333333333,7,6.66666666666667,9
"325","713:3","713:3",713,NA,NA,NA,NA,NA,NA,35,8.33333333333333,NA,NA,NA
"326","713:3","713:4",713,8,9,8,9,8,10,63,8.33333333333333,8.33333333333333,8.33333333333333,9
"327","713:4","713:1",713,9,9,6,5,9,9,45,7.33333333333333,9,5.66666666666667,9
"328","713:4","713:2",713,7,7,5.5,5,9,9,41,7.33333333333333,7,5.33333333333333,9
"329","713:4","713:3",713,9.5,10,8.5,10,10,10,35,8.33333333333333,9.66666666666667,9,10
"330","713:4","713:4",713,NA,NA,NA,NA,NA,NA,63,8.33333333333333,NA,NA,NA
"331","714:1","714:1",714,NA,NA,NA,NA,NA,NA,48,9.33333333333333,NA,NA,NA
"332","714:1","714:2",714,8.5,8,8,8,9,9,45,8.33333333333333,8.33333333333333,8,9
"333","714:1","714:3",714,4,5,9.5,9,8,8,42,9,4.33333333333333,9.33333333333333,8
"334","714:1","714:4",714,7,8,8.5,9,6,7,43,8.66666666666667,7.33333333333333,8.66666666666667,6.5
"335","714:2","714:1",714,8,8,7.5,7,8,9,48,9.33333333333333,8,7.33333333333333,8.5
"336","714:2","714:2",714,NA,NA,NA,NA,NA,NA,45,8.33333333333333,NA,NA,NA
"337","714:2","714:3",714,8.5,8,7.5,8,9,9,42,9,8.33333333333333,7.66666666666667,9
"338","714:2","714:4",714,7,7,6,7,8,8,43,8.66666666666667,7,6.33333333333333,8
"339","714:3","714:1",714,6.5,7,5.5,5,7,8,48,9.33333333333333,6.66666666666667,5.33333333333333,7.5
"340","714:3","714:2",714,7,9,5,5,8,9,45,8.33333333333333,7.66666666666667,5,8.5
"341","714:3","714:3",714,NA,NA,NA,NA,NA,NA,42,9,NA,NA,NA
"342","714:3","714:4",714,5.5,6,7,7,7,7,43,8.66666666666667,5.66666666666667,7,7
"343","714:4","714:1",714,7,9,9,9,9,9,48,9.33333333333333,7.66666666666667,9,9
"344","714:4","714:2",714,6,7,8,8,7,5,45,8.33333333333333,6.33333333333333,8,6
"345","714:4","714:3",714,8.5,9,7,7,8,9,42,9,8.66666666666667,7,8.5
"346","714:4","714:4",714,NA,NA,NA,NA,NA,NA,43,8.66666666666667,NA,NA,NA
"347","786:2","786:2",786,NA,NA,NA,NA,NA,NA,30,6.66666666666667,NA,NA,NA
"348","786:2","786:4",786,6.5,7,7,7,7,7,38,7.66666666666667,6.66666666666667,7,7
"349","786:2","786:5",786,10,10,5,3,0,0,32,10,10,4.33333333333333,0
"350","786:2","786:6",786,8,7,6.5,6,9,9,38,8,7.66666666666667,6.33333333333333,9
"351","786:4","786:2",786,7,7,7,8,10,10,30,6.66666666666667,7,7.33333333333333,10
"352","786:4","786:4",786,NA,NA,NA,NA,NA,NA,38,7.66666666666667,NA,NA,NA
"353","786:4","786:5",786,10,10,0,0,0,0,32,10,10,0,0
"354","786:4","786:6",786,7.5,6,3,3,7,9,38,8,7,3,8
"355","786:5","786:2",786,6.5,5,6.5,8,5,5,30,6.66666666666667,6,7,5
"356","786:5","786:4",786,7,6,6.5,7,7,7,38,7.66666666666667,6.66666666666667,6.66666666666667,7
"357","786:5","786:5",786,NA,NA,NA,NA,NA,NA,32,10,NA,NA,NA
"358","786:5","786:6",786,9,8,5.5,7,9,8,38,8,8.66666666666667,6,8.5
"359","786:6","786:2",786,8,7,7.5,7,8,8,30,6.66666666666667,7.66666666666667,7.33333333333333,8
"360","786:6","786:4",786,6,6,7,7,7,7,38,7.66666666666667,6,7,7
"361","786:6","786:5",786,10,10,10,10,0,0,32,10,10,10,0
"362","786:6","786:6",786,NA,NA,NA,NA,NA,NA,38,8,NA,NA,NA
"363","799:1","799:1",799,NA,NA,NA,NA,NA,NA,40,9,NA,NA,NA
"364","799:1","799:2",799,8,8,7.5,8,8,8,38,8,8,7.66666666666667,8
"365","799:1","799:3",799,4.5,3,6,6,8,8,40,9,4,6,8
"366","799:1","799:4",799,8,8,7,6,10,10,38,7.33333333333333,8,6.66666666666667,10
"367","799:2","799:1",799,8,8,6.5,7,9,9,40,9,8,6.66666666666667,9
"368","799:2","799:2",799,NA,NA,NA,NA,NA,NA,38,8,NA,NA,NA
"369","799:2","799:3",799,6.5,7,6,6,7,8,40,9,6.66666666666667,6,7.5
"370","799:2","799:4",799,9,7,8,8,10,10,38,7.33333333333333,8.33333333333333,8,10
"371","799:3","799:1",799,7,7,7.5,8,10,10,40,9,7,7.66666666666667,10
"372","799:3","799:2",799,5,6,8,8,8,8,38,8,5.33333333333333,8,8
"373","799:3","799:3",799,NA,NA,NA,NA,NA,NA,40,9,NA,NA,NA
"374","799:3","799:4",799,3,6,6,7,9,10,38,7.33333333333333,4,6.33333333333333,9.5
"375","799:4","799:1",799,6,6,7,7,10,8,40,9,6,7,9
"376","799:4","799:2",799,7,6,8,8,8,8,38,8,6.66666666666667,8,8
"377","799:4","799:3",799,3,3,7,7,6,8,40,9,3,7,7
"378","799:4","799:4",799,NA,NA,NA,NA,NA,NA,38,7.33333333333333,NA,NA,NA
"379","801:1","801:1",801,NA,NA,NA,NA,NA,NA,35,8.66666666666667,NA,NA,NA
"380","801:1","801:2",801,9,8,7,8,9,9,48,8,8.66666666666667,7.33333333333333,9
"381","801:1","801:3",801,8,8,8,7,7,9,38,7,8,7.66666666666667,8
"382","801:1","801:4",801,7.5,8,9.5,8,7,7,55,7.66666666666667,7.66666666666667,9,7
"383","801:1","801:5",801,7,8,6.5,8,5,7,53,8,7.33333333333333,7,6
"384","801:2","801:1",801,10,10,8.5,8,8,9,35,8.66666666666667,10,8.33333333333333,8.5
"385","801:2","801:2",801,NA,NA,NA,NA,NA,NA,48,8,NA,NA,NA
"386","801:2","801:3",801,8.5,8,7.5,7,8,8,38,7,8.33333333333333,7.33333333333333,8
"387","801:2","801:4",801,10,10,10,10,10,10,55,7.66666666666667,10,10,10
"388","801:2","801:5",801,8.5,8,6,6,7,8,53,8,8.33333333333333,6,7.5
"389","801:3","801:1",801,8,8,7,6,6,8,35,8.66666666666667,8,6.66666666666667,7
"390","801:3","801:2",801,8,9,6.5,6,7,8,48,8,8.33333333333333,6.33333333333333,7.5
"391","801:3","801:3",801,NA,NA,NA,NA,NA,NA,38,7,NA,NA,NA
"392","801:3","801:4",801,7.5,8,8,9,9,10,55,7.66666666666667,7.66666666666667,8.33333333333333,9.5
"393","801:3","801:5",801,7,7,6,6,5,6,53,8,7,6,5.5
"394","801:4","801:1",801,7,7,7,7,7,7,35,8.66666666666667,7,7,7
"395","801:4","801:2",801,8.5,10,9,9,10,10,48,8,9,9,10
"396","801:4","801:3",801,6.5,8,7,7,7,7,38,7,7,7,7
"397","801:4","801:4",801,NA,NA,NA,NA,NA,NA,55,7.66666666666667,NA,NA,NA
"398","801:4","801:5",801,7.5,7,8,7,6,7,53,8,7.33333333333333,7.66666666666667,6.5
"399","801:5","801:1",801,8.5,9,7,8,7,7,35,8.66666666666667,8.66666666666667,7.33333333333333,7
"400","801:5","801:2",801,9,9,9,10,9,9,48,8,9,9.33333333333333,9
"401","801:5","801:3",801,7.5,7,7.5,8,7,7,38,7,7.33333333333333,7.66666666666667,7
"402","801:5","801:4",801,9,10,10,10,9,10,55,7.66666666666667,9.33333333333333,10,9.5
"403","801:5","801:5",801,NA,NA,NA,NA,NA,NA,53,8,NA,NA,NA
"404","805:1","805:1",805,NA,NA,NA,NA,NA,NA,49,8.33333333333333,NA,NA,NA
"405","805:1","805:2",805,8,8,6,6,2,9,48,9.33333333333333,8,6,5.5
"406","805:1","805:3",805,5,3,5,4,5,7,37,9,4.33333333333333,4.66666666666667,6
"407","805:1","805:4",805,4.5,7,6,6,6,8,38,8.33333333333333,5.33333333333333,6,7
"408","805:2","805:1",805,8.5,6,8.5,10,7,7,49,8.33333333333333,7.66666666666667,9,7
"409","805:2","805:2",805,NA,NA,NA,NA,NA,NA,48,9.33333333333333,NA,NA,NA
"410","805:2","805:3",805,8.5,9,8,9,8,10,37,9,8.66666666666667,8.33333333333333,9
"411","805:2","805:4",805,7.5,8,7.5,6,9,8,38,8.33333333333333,7.66666666666667,7,8.5
"412","805:3","805:1",805,7.5,6,7.5,7,7,7,49,8.33333333333333,7,7.33333333333333,7
"413","805:3","805:2",805,8.5,9,8,8,6,9,48,9.33333333333333,8.66666666666667,8,7.5
"414","805:3","805:3",805,NA,NA,NA,NA,NA,NA,37,9,NA,NA,NA
"415","805:3","805:4",805,5,7,5.5,5,6,8,38,8.33333333333333,5.66666666666667,5.33333333333333,7
"416","805:4","805:1",805,8,7,8.5,9,10,10,49,8.33333333333333,7.66666666666667,8.66666666666667,10
"417","805:4","805:2",805,5,8,7,6,9,9,48,9.33333333333333,6,6.66666666666667,9
"418","805:4","805:3",805,7,4,5.5,3,7,9,37,9,6,4.66666666666667,8
"419","805:4","805:4",805,NA,NA,NA,NA,NA,NA,38,8.33333333333333,NA,NA,NA
"420","814:1","814:1",814,NA,NA,NA,NA,NA,NA,68,8,NA,NA,NA
"421","814:1","814:2",814,10,10,10,9,10,10,47,9.33333333333333,10,9.66666666666667,10
"422","814:1","814:3",814,10,10,8.5,7,10,10,45,10,10,8,10
"423","814:1","814:4",814,9.5,10,9.5,10,10,10,33,9.66666666666667,9.66666666666667,9.66666666666667,10
"424","814:2","814:1",814,7,8,7,8,9,9,68,8,7.33333333333333,7.33333333333333,9
"425","814:2","814:2",814,NA,NA,NA,NA,NA,NA,47,9.33333333333333,NA,NA,NA
"426","814:2","814:3",814,6,5,7,8,6,4,45,10,5.66666666666667,7.33333333333333,5
"427","814:2","814:4",814,10,10,10,10,10,10,33,9.66666666666667,10,10,10
"428","814:3","814:1",814,8,9,8.5,8,9,9,68,8,8.33333333333333,8.33333333333333,9
"429","814:3","814:2",814,10,10,8,7,9,9,47,9.33333333333333,10,7.66666666666667,9
"430","814:3","814:3",814,NA,NA,NA,NA,NA,NA,45,10,NA,NA,NA
"431","814:3","814:4",814,10,10,10,10,10,10,33,9.66666666666667,10,10,10
"432","814:4","814:1",814,8.5,7,7.5,9,8,8,68,8,8,8,8
"433","814:4","814:2",814,10,10,8,8,10,10,47,9.33333333333333,10,8,10
"434","814:4","814:3",814,8.5,7,0,0,9,9,45,10,8,0,9
"435","814:4","814:4",814,NA,NA,NA,NA,NA,NA,33,9.66666666666667,NA,NA,NA
"436","815:1","815:1",815,NA,NA,NA,NA,NA,NA,39,7.66666666666667,NA,NA,NA
"437","815:1","815:2",815,5,10,10,10,10,10,38,10,6.66666666666667,10,10
"438","815:1","815:3",815,8,7,7.5,8,10,10,39,10,7.66666666666667,7.66666666666667,10
"439","815:1","815:4",815,10,10,10,10,10,10,35,10,10,10,10
"440","815:2","815:1",815,7.5,5,7,6,9,9,39,7.66666666666667,6.66666666666667,6.66666666666667,9
"441","815:2","815:2",815,NA,NA,NA,NA,NA,NA,38,10,NA,NA,NA
"442","815:2","815:3",815,6.5,8,7,7,10,10,39,10,7,7,10
"443","815:2","815:4",815,7,7,9,8,10,10,35,10,7,8.66666666666667,10
"444","815:3","815:1",815,6,5,7,8,7,6,39,7.66666666666667,5.66666666666667,7.33333333333333,6.5
"445","815:3","815:2",815,10,10,10,10,10,10,38,10,10,10,10
"446","815:3","815:3",815,NA,NA,NA,NA,NA,NA,39,10,NA,NA,NA
"447","815:3","815:4",815,10,10,10,10,10,10,35,10,10,10,10
"448","815:4","815:1",815,5,5,8,8,4,4,39,7.66666666666667,5,8,4
"449","815:4","815:2",815,10,10,10,10,10,10,38,10,10,10,10
"450","815:4","815:3",815,9,9,8,9,10,10,39,10,9,8.33333333333333,10
"451","815:4","815:4",815,NA,NA,NA,NA,NA,NA,35,10,NA,NA,NA
"452","817:1","817:1",817,NA,NA,NA,NA,NA,NA,63,9,NA,NA,NA
"453","817:1","817:2",817,9.5,10,5.5,5,10,10,73,9.33333333333333,9.66666666666667,5.33333333333333,10
"454","817:1","817:3",817,3.5,5,1.5,3,6,7,53,8.66666666666667,4,2,6.5
"455","817:1","817:4",817,7.5,10,7,8,10,10,56,3.66666666666667,8.33333333333333,7.33333333333333,10
"456","817:1","817:5",817,5,8,6,6,7,7,55,8.66666666666667,6,6,7
"457","817:2","817:1",817,9.5,9,8,8,9,9,63,9,9.33333333333333,8,9
"458","817:2","817:2",817,NA,NA,NA,NA,NA,NA,73,9.33333333333333,NA,NA,NA
"459","817:2","817:3",817,8.5,8,9.5,10,10,10,53,8.66666666666667,8.33333333333333,9.66666666666667,10
"460","817:2","817:4",817,10,10,9.5,10,10,10,56,3.66666666666667,10,9.66666666666667,10
"461","817:2","817:5",817,8,9,9,9,10,10,55,8.66666666666667,8.33333333333333,9,10
"462","817:3","817:1",817,8,8,7,7,8,8,63,9,8,7,8
"463","817:3","817:2",817,10,10,8.5,9,10,10,73,9.33333333333333,10,8.66666666666667,10
"464","817:3","817:3",817,NA,NA,NA,NA,NA,NA,53,8.66666666666667,NA,NA,NA
"465","817:3","817:4",817,10,10,6.5,7,10,10,56,3.66666666666667,10,6.66666666666667,10
"466","817:3","817:5",817,9,9,9,9,10,10,55,8.66666666666667,9,9,10
"467","817:4","817:1",817,7,7,7.5,7,8,7,63,9,7,7.33333333333333,7.5
"468","817:4","817:2",817,9.5,9,10,10,10,9,73,9.33333333333333,9.33333333333333,10,9.5
"469","817:4","817:3",817,7.5,9,8.5,9,9,8,53,8.66666666666667,8,8.66666666666667,8.5
"470","817:4","817:5",817,7.5,8,8,8,9,8,55,8.66666666666667,7.66666666666667,8,8.5
"471","817:5","817:1",817,7.5,7,5,5,7,7,63,9,7.33333333333333,5,7
"472","817:5","817:2",817,10,10,10,10,10,10,73,9.33333333333333,10,10,10
"473","817:5","817:3",817,9,9,10,10,10,10,53,8.66666666666667,9,10,10
"474","817:5","817:4",817,9,10,7.5,10,10,10,56,3.66666666666667,9.33333333333333,8.33333333333333,10
"475","817:5","817:5",817,NA,NA,NA,NA,NA,NA,55,8.66666666666667,NA,NA,NA
"476","889:1","889:1",889,NA,NA,NA,NA,NA,NA,40,7.66666666666667,NA,NA,NA
"477","889:1","889:2",889,7.5,7,6.5,8,8,10,31,8.33333333333333,7.33333333333333,7,9
"478","889:1","889:3",889,4,7,10,10,10,10,22,8.66666666666667,5,10,10
"479","889:1","889:4",889,5,7,7,7,6,6,27,9.33333333333333,5.66666666666667,7,6
"480","889:2","889:1",889,6,7,7,7,8,6,40,7.66666666666667,6.33333333333333,7,7
"481","889:2","889:2",889,NA,NA,NA,NA,NA,NA,31,8.33333333333333,NA,NA,NA
"482","889:2","889:3",889,5.5,7,6,6,6,8,22,8.66666666666667,6,6,7
"483","889:2","889:4",889,7,6,4.5,4,7,6,27,9.33333333333333,6.66666666666667,4.33333333333333,6.5
"484","889:3","889:1",889,8,8,7,7,8,8,40,7.66666666666667,8,7,8
"485","889:3","889:2",889,7,9,8,8,8,7,31,8.33333333333333,7.66666666666667,8,7.5
"486","889:3","889:3",889,NA,NA,NA,NA,NA,NA,22,8.66666666666667,NA,NA,NA
"487","889:3","889:4",889,8,7,6,7,8,9,27,9.33333333333333,7.66666666666667,6.33333333333333,8.5
"488","889:4","889:1",889,8,8,7,7,8,8,40,7.66666666666667,8,7,8
"489","889:4","889:2",889,8.5,6,9,9,8,8,31,8.33333333333333,7.66666666666667,9,8
"490","889:4","889:3",889,9.5,10,10,10,10,10,22,8.66666666666667,9.66666666666667,10,10
"491","889:4","889:4",889,NA,NA,NA,NA,NA,NA,27,9.33333333333333,NA,NA,NA
"492","890:1","890:1",890,NA,NA,NA,NA,NA,NA,18,6.66666666666667,NA,NA,NA
"493","890:1","890:2",890,0,3,1,2,4,3,19,7.33333333333333,1,1.33333333333333,3.5
"494","890:1","890:3",890,3.5,4,2.5,5,4,8,19,7,3.66666666666667,3.33333333333333,6
"495","890:1","890:4",890,5.5,6,2,4,4,6,19,8.66666666666667,5.66666666666667,2.66666666666667,5
"496","890:2","890:1",890,7,4,6,6,7,7,18,6.66666666666667,6,6,7
"497","890:2","890:2",890,NA,NA,NA,NA,NA,NA,19,7.33333333333333,NA,NA,NA
"498","890:2","890:3",890,6.5,9,4.5,5,10,10,19,7,7.33333333333333,4.66666666666667,10
"499","890:2","890:4",890,8.5,9,8.5,9,9,8,19,8.66666666666667,8.66666666666667,8.66666666666667,8.5
"500","890:3","890:1",890,2.5,4,9,8,8,8,18,6.66666666666667,3,8.66666666666667,8
"501","890:3","890:2",890,6.5,10,7,4,10,10,19,7.33333333333333,7.66666666666667,6,10
"502","890:3","890:3",890,NA,NA,NA,NA,NA,NA,19,7,NA,NA,NA
"503","890:3","890:4",890,9,9,8.5,9,10,10,19,8.66666666666667,9,8.66666666666667,10
"504","890:4","890:1",890,9.5,9,3.5,4,7,9,18,6.66666666666667,9.33333333333333,3.66666666666667,8
"505","890:4","890:2",890,9.5,5,6,6,10,10,19,7.33333333333333,8,6,10
"506","890:4","890:3",890,9.5,2,6.5,7,6,10,19,7,7,6.66666666666667,8
"507","890:4","890:4",890,NA,NA,NA,NA,NA,NA,19,8.66666666666667,NA,NA,NA
"508","980:1","980:1",980,NA,NA,NA,NA,NA,NA,25,9,NA,NA,NA
"509","980:1","980:2",980,8,8,6,4,8.02600472813239,8.28368794326241,29,8,8,5.33333333333333,8.1548463356974
"510","980:1","980:3",980,4.5,4,8,2,3,3,27,7.66666666666667,4.33333333333333,6,3
"511","980:1","980:4",980,5,7,6,3,8,9,36,9.33333333333333,5.66666666666667,5,8.5
"512","980:2","980:1",980,8.5,8,9,9,9,9,25,9,8.33333333333333,9,9
"513","980:2","980:2",980,NA,NA,NA,NA,NA,NA,29,8,NA,NA,NA
"514","980:2","980:3",980,8,7,9,9,6,8,27,7.66666666666667,7.66666666666667,9,7
"515","980:2","980:4",980,10,10,10,10,10,10,36,9.33333333333333,10,10,10
"516","980:3","980:1",980,9,8,9,9,8,8,25,9,8.66666666666667,9,8
"517","980:3","980:2",980,10,8,6.5,6,10,10,29,8,9.33333333333333,6.33333333333333,10
"518","980:3","980:3",980,NA,NA,NA,NA,NA,NA,27,7.66666666666667,NA,NA,NA
"519","980:3","980:4",980,10,10,5.5,7,10,10,36,9.33333333333333,10,6,10
"520","980:4","980:1",980,10,10,9,9,9,9,25,9,10,9,9
"521","980:4","980:2",980,9.5,10,8.5,9,9,8,29,8,9.66666666666667,8.66666666666667,8.5
"522","980:4","980:3",980,9,9,8,6,7,7,27,7.66666666666667,9,7.33333333333333,7
"523","980:4","980:4",980,NA,NA,NA,NA,NA,NA,36,9.33333333333333,NA,NA,NA
"524","981:1","981:1",981,NA,NA,NA,NA,NA,NA,51,8.33333333333333,NA,NA,NA
"525","981:1","981:2",981,7.5,7,9,9,6,7,34,7.66666666666667,7.33333333333333,9,6.5
"526","981:1","981:3",981,7,7,9,8,10,10,60,8.66666666666667,7,8.66666666666667,10
"527","981:1","981:4",981,6,5,9.5,10,10,10,31,8.66666666666667,5.66666666666667,9.66666666666667,10
"528","981:2","981:1",981,9,9,8,7,10,10,51,8.33333333333333,9,7.66666666666667,10
"529","981:2","981:2",981,NA,NA,NA,NA,NA,NA,34,7.66666666666667,NA,NA,NA
"530","981:2","981:3",981,9.5,9,8,8,10,10,60,8.66666666666667,9.33333333333333,8,10
"531","981:2","981:4",981,5,5,2.5,2,5,7,31,8.66666666666667,5,2.33333333333333,6
"532","981:3","981:1",981,9,9,8,9,10,10,51,8.33333333333333,9,8.33333333333333,10
"533","981:3","981:2",981,8.5,7,5,5,8,8,34,7.66666666666667,8,5,8
"534","981:3","981:3",981,NA,NA,NA,NA,NA,NA,60,8.66666666666667,NA,NA,NA
"535","981:3","981:4",981,8.5,5,5.5,6,5,5,31,8.66666666666667,7.33333333333333,5.66666666666667,5
"536","981:4","981:1",981,9.5,10,7,6,10,10,51,8.33333333333333,9.66666666666667,6.66666666666667,10
"537","981:4","981:2",981,8,8,6,6,9,9,34,7.66666666666667,8,6,9
"538","981:4","981:3",981,10,8,4,4,10,10,60,8.66666666666667,9.33333333333333,4,10
"539","981:4","981:4",981,NA,NA,NA,NA,NA,NA,31,8.66666666666667,NA,NA,NA
"540","995:1","995:1",995,NA,NA,NA,NA,NA,NA,40,9.33333333333333,NA,NA,NA
"541","995:1","995:2",995,6.5,6,4.5,5,9,9,34,4.66666666666667,6.33333333333333,4.66666666666667,9
"542","995:1","995:3",995,10,10,10,10,10,10,44,10,10,10,10
"543","995:1","995:4",995,9,9,8.5,9,9,9,67,8.66666666666667,9,8.66666666666667,9
"544","995:2","995:1",995,8,8,8,9,8,9,40,9.33333333333333,8,8.33333333333333,8.5
"545","995:2","995:2",995,NA,NA,NA,NA,NA,NA,34,4.66666666666667,NA,NA,NA
"546","995:2","995:3",995,9.5,10,10,10,10,10,44,10,9.66666666666667,10,10
"547","995:2","995:4",995,8,8,9,9,9,9,67,8.66666666666667,8,9,9
"548","995:3","995:1",995,6,7,5.5,7,8,9,40,9.33333333333333,6.33333333333333,6,8.5
"549","995:3","995:2",995,4,2,2,4,6,5,34,4.66666666666667,3.33333333333333,2.66666666666667,5.5
"550","995:3","995:3",995,NA,NA,NA,NA,NA,NA,44,10,NA,NA,NA
"551","995:3","995:4",995,7.5,8,8.5,9,9,9,67,8.66666666666667,7.66666666666667,8.66666666666667,9
"552","995:4","995:1",995,8.5,8,8.5,9,10,10,40,9.33333333333333,8.33333333333333,8.66666666666667,10
"553","995:4","995:2",995,5.5,8,6.5,7,6,7,34,4.66666666666667,6.33333333333333,6.66666666666667,6.5
"554","995:4","995:3",995,9.5,10,8.5,9,10,10,44,10,9.66666666666667,8.66666666666667,10
"555","995:4","995:4",995,NA,NA,NA,NA,NA,NA,67,8.66666666666667,NA,NA,NA
